Unnamed: 0,Sire,breeding_year,Fee
0,Medaglia d'Oro,2020,
1,Into Mischief,2020,
2,Tapit,2020,
3,American Pharoah,2020,
4,Quality Road,2020,
5,No Nay Never,2020,
6,Street Sense,2020,
7,Uncle Mo,2020,
8,Hard Spun,2020,
9,Curlin,2020,
10,More Than Ready,2020,
11,Ghostzapper,2020,
12,Bernardini,2020,
13,Gun Runner,2020,
14,Omaha Beach,2020,
15,Frankel (GB),2020,
16,Kitten's Joy,2020,
17,Audible,2020,
18,City of Light,2020,
19,Justify,2020,
20,Candy Ride (ARG),2020,
21,War Front,2020,
22,Speightstown,2020,
23,Flatter,2020,
24,Mendelssohn,2020,35000.0
25,Twirling Candy,2020,
26,Blame,2020,
27,Constitution,2020,
28,Kantharos,2020,
29,Connect,2020,
30,Arrogate,2020,
31,Munnings,2020,
32,Bolt d'Oro,2020,
33,Liam's Map,2020,
34,Union Rags,2020,
35,Nyquist,2020,
36,Violence,2020,
37,Catholic Boy,2020,
38,Preservationist,2020,
39,Mitole,2020,
40,Galileo (IRE),2020,
41,Kingman (GB),2020,
42,Cairo Prince,2020,
43,Practical Joke,2020,
44,Vino Rosso,2020,
45,Not This Time,2020,
46,Runhappy,2020,
47,Wootton Bassett (GB),2020,
48,Distorted Humor,2020,
49,Good Magic,2020,
50,Frosted,2020,
51,Catalina Cruiser,2020,
52,Maclean's Music,2020,
53,Malibu Moon,2020,
54,Tonalist,2020,15000.0
55,Caravaggio,2020,
56,Maximus Mischief,2020,
57,Lemon Drop Kid,2020,
58,Calyx (GB),2020,
59,West Coast,2020,
60,Dialed In,2020,
61,Collected,2020,
62,Study of Man (IRE),2020,
63,Accelerate,2020,20000.0
64,Midshipman,2020,
65,Bated Breath (GB),2020,
66,Classic Empire,2020,
67,Upstart,2020,
68,American Freedom,2020,
69,Laoban,2020,
70,Yoshida (JPN),2020,
71,Always Dreaming,2020,25000.0
72,Army Mule,2020,
73,Tiznow,2020,
74,Midnight Lute,2020,
75,Goldencents,2020,
76,World of Trouble,2020,
77,Mo Town,2020,
78,Oscar Performance,2020,
79,Flameaway,2020,
80,Palace Malice,2020,
81,Enticed,2020,
82,English Channel,2020,
83,Protonico,2020,
84,Tapiture,2020,
85,Street Boss,2020,
86,Honor Code,2020,
87,Karakontie (JPN),2020,
88,Mastery,2020,
89,Lookin At Lucky,2020,
90,The Factor,2020,
91,Star Guitar,2020,
92,Ten Sovereigns (IRE),2020,
93,Tapwrit,2020,
94,Girvin,2020,
95,Cloud Computing,2020,
96,Jimmy Creed,2020,
97,Demarchelier (GB),2020,
98,Get Stormy,2020,
99,First Samurai,2020,
100,Air Force Blue,2020,
101,Alternation,2020,
102,Point of Entry,2020,15000.0
103,Macho Uno,2020,
104,Bee Jersey,2020,
105,Good Samaritan,2020,
106,Take Charge Indy,2020,
107,Congrats,2020,
108,Mor Spirit,2020,
109,Cross Traffic,2020,
110,Summer Front,2020,
111,Sharp Azteca,2020,
112,Khozan,2020,4000.0
113,Mineshaft,2020,
114,Divisidero,2020,
115,Unified,2020,
116,Solomini,2020,
117,McCraken,2020,
118,Speightster,2020,
119,Outwork,2020,
120,Paynter,2020,
121,Bucchero,2020,
122,Klimt,2020,
123,Tourist,2020,
124,Lord Nelson,2020,
125,Copper Bullet,2020,
126,Custom for Carlos,2020,
127,Race Day,2020,
128,Destin,2020,
129,Gormley,2020,
130,Qurbaan,2020,5000.0
131,Lost Treasure (IRE),2020,
132,Orb,2020,
133,Coal Front,2020,
134,Mr Speaker,2020,
135,Cupid,2020,
136,Mohaymen,2020,
137,Mizzen Mast,2020,
138,Creative Cause,2020,
139,Competitive Edge,2020,
140,Snow Trouble,2020,
141,Noble Mission (GB),2020,
142,Keen Ice,2020,
143,Astern (AUS),2020,
144,Broken Vow,2020,
145,Central Banker,2020,7500.0
146,Exaggerator,2020,
147,Palace,2020,
148,Sky Mesa,2020,
149,Free Drop Billy,2020,
150,Mucho Macho Man,2020,
151,Leofric,2020,
152,Anchor Down,2020,
153,Fast Anna,2020,
154,Wicked Strong,2020,
155,Funtastic,2020,
156,The Player,2020,
157,Shaman Ghost,2020,
158,Heart to Heart,2020,
159,Hightail,2020,
160,Midnight Storm,2020,
161,Forever d'Oro,2020,
162,Carpe Diem,2020,
163,Firing Line,2020,
164,What Now,2020,
165,Brody's Cause,2020,
166,Clubhouse Ride,2020,
167,Oxbow,2020,
168,Cinco Charlie,2020,
169,Tale of Verve,2020,
170,Outstrip (GB),2020,
171,Temple City,2020,
172,Charming Kitten,2020,
173,Sky Kingdom,2020,
174,Producer (GB),2020,
175,Commissioner,2020,
176,Jack Milton,2020,
177,Real Solution,2020,
178,Silent Name (JPN),2020,
179,Frank Conversation,2020,
180,Big Blue Kitten,2020,
181,Far From Over,2020,
182,Ransom the Moon,2020,
183,Clearly Now,2020,
184,Include,2020,
185,Hit It a Bomb,2020,
186,Union Jackson,2020,
187,Optimizer,2020,
188,Freud,2020,
189,Will Take Charge,2020,
190,St Patrick's Day,2020,
191,Fed Biz,2020,
192,Bal a Bali (BRZ),2020,
193,Bellamy Road,2020,7500.0
194,Flintshire (GB),2020,
195,Stormy Atlantic,2020,
196,Majestic City,2020,
197,Tale of Ekati,2020,
198,The Big Beast,2020,
199,Curlin,2022,
200,Into Mischief,2022,
201,American Pharoah,2022,
202,Not This Time,2022,
203,Uncle Mo,2022,
204,War Front,2022,
205,Charlatan,2022,
206,Nyquist,2022,
207,Gun Runner,2022,
208,Quality Road,2022,
209,Tapit,2022,
210,Essential Quality,2022,75000.0
211,Justify,2022,
212,Munnings,2022,
213,Twirling Candy,2022,
214,Candy Ride (ARG),2022,
215,Good Magic,2022,
216,Upstart,2022,
217,Dubawi (IRE),2022,15000.0
218,Constitution,2022,
219,Maxfield,2022,
220,Kingman (GB),2022,
221,More Than Ready,2022,
222,No Nay Never,2022,
223,Medaglia d'Oro,2022,
224,Siyouni (FR),2022,
225,Oscar Performance,2022,
226,Lord Kanaloa (JPN),2022,
227,Wootton Bassett (GB),2022,
228,Liam's Map,2022,
229,Street Sense,2022,
230,Authentic,2022,
231,Blue Point (IRE),2022,
232,Yaupon,2022,
233,Army Mule,2022,
234,Silver State,2022,
235,Knicks Go,2022,
236,Kitten's Joy,2022,25000.0
237,Complexity,2022,
238,Bolt d'Oro,2022,
239,Maclean's Music,2022,
240,Night of Thunder (IRE),2022,
241,Practical Joke,2022,
242,Starspangledbanner (AUS),2022,33000.0
243,Ghostzapper,2022,30000.0
244,Violence,2022,
245,Speightstown,2022,
246,McKinzie,2022,
247,Tiz the Law,2022,
248,Rock Your World,2022,
249,Frosted,2022,
250,City of Light,2022,150000.0
251,Instagrand,2022,
252,Omaha Beach,2022,250000.0
253,Blame,2022,
254,Hard Spun,2022,
255,Flatter,2022,25000.0
256,Tacitus,2022,
257,Game Winner,2022,
258,Vekoma,2022,
259,Volatile,2022,
260,Cupid,2022,
261,Mitole,2022,
262,Flameaway,2022,
263,Tapiture,2022,
264,Global Campaign,2022,
265,Lookin At Lucky,2022,
266,Modernist,2022,
267,Vino Rosso,2022,
268,Girvin,2022,
269,Raging Bull (FR),2022,
270,Collected,2022,
271,Honor A. P.,2022,
272,Connect,2022,
273,Caravaggio,2022,
274,Mendelssohn,2022,
275,Maximus Mischief,2022,
276,Audible,2022,
277,Independence Hall,2022,
278,War of Will,2022,
279,Kantharos,2022,
280,Ten Sovereigns (IRE),2022,
281,Known Agenda,2022,
282,Spun to Run,2022,
283,Thousand Words,2022,
284,Karakontie (JPN),2022,
285,Union Rags,2022,
286,Daredevil,2022,25000.0
287,Win Win Win,2022,
288,Divisidero,2022,
289,Dialed In,2022,
290,Invincible Spirit (IRE),2022,
291,Cairo Prince,2022,
292,Beau Liam,2022,
293,Improbable,2022,35000.0
294,Street Boss,2022,
295,Preservationist,2022,
296,Uncle Chuck,2022,
297,Tom's d'Etat,2022,
298,Mo Town,2022,
299,Midshipman,2022,
300,Classic Empire,2022,
301,Runhappy,2022,
302,Tonalist,2022,
303,Lexitonian,2022,
304,Maximum Security,2022,
305,Cloud Computing,2022,
306,Caracaro,2022,
307,Mucho Macho Man,2022,
308,Goldencents,2022,
309,Enticed,2022,
310,Country House,2022,
311,Skipshot,2022,
312,Higher Power,2022,
313,Catalina Cruiser,2022,
314,Star Guitar,2022,
315,Midnight Lute,2022,
316,West Coast,2022,
317,Jimmy Creed,2022,
318,Unified,2022,
319,By My Standards,2022,
320,Bee Jersey,2022,
321,Catholic Boy,2022,
322,Echo Town,2022,
323,Promises Fulfilled,2022,
324,Take Charge Indy,2022,
325,The Factor,2022,
326,Mo Forza,2022,
327,Yoshida (JPN),2022,
328,Copper Bullet,2022,
329,Good Samaritan,2022,
330,Code of Honor,2022,
331,Tapwrit,2022,
332,Outwork,2022,
333,Leinster,2022,
334,Silent Name (JPN),2022,
335,Shancelot,2022,
336,Creative Cause,2022,
337,First Samurai,2022,5000.0
338,Acclamation,2022,
339,Sharp Azteca,2022,
340,Honest Mischief,2022,
341,Gift Box,2022,
342,Harry's Holiday,2022,
343,Astern (AUS),2022,
344,Basin,2022,
345,King for a Day,2022,
346,Heart to Heart,2022,
347,Seeking the Soul,2022,
348,Core Beliefs,2022,
349,Tale of Ekati,2022,
350,Gormley,2022,
351,Temple City,2022,
352,Sea The Moon (GER),2022,
353,Mr. Money,2022,
354,Mor Spirit,2022,
355,Wheresthemoneyjack,2022,
356,Honor Code,2022,
357,Notional,2022,
358,Hit It a Bomb,2022,
359,Get Stormy,2022,
360,Forever d'Oro,2022,
361,Mark Valeski,2022,
362,Combatant,2022,
363,Yorkton,2022,
364,Ransom the Moon,2022,
365,Paynter,2022,
366,Funtastic,2022,
367,Demarchelier (GB),2022,
368,Cross Traffic,2022,
369,World of Trouble,2022,
370,Rowayton,2022,
371,Leofric,2022,
372,Lookin At Lee,2022,
373,Protonico,2022,
374,Summer Front,2022,
375,Coal Front,2022,
376,Instilled Regard,2022,
377,Hightail,2022,7500.0
378,Faversham,2022,
379,Always Dreaming,2022,
380,Accelerate,2022,
381,Central Banker,2022,
382,Will Take Charge,2022,
383,Kobe's Back,2022,
384,American Freedom,2022,
385,Battalion Runner,2022,
386,Into Mischief,2021,175000.0
387,Uncle Mo,2021,
388,Justify,2021,
389,Tapit,2021,
390,Good Magic,2021,
391,Authentic,2021,
392,War Front,2021,
393,Maclean's Music,2021,
394,More Than Ready,2021,
395,Game Winner,2021,
396,Practical Joke,2021,
397,Munnings,2021,
398,Gun Runner,2021,
399,Twirling Candy,2021,
400,McKinzie,2021,75000.0
401,No Nay Never,2021,
402,Curlin,2021,
403,Medaglia d'Oro,2021,
404,Not This Time,2021,
405,Nyquist,2021,
406,American Pharoah,2021,
407,Quality Road,2021,
408,Candy Ride (ARG),2021,
409,Speightstown,2021,
410,Constitution,2021,
411,Kingman (GB),2021,
412,Bolt d'Oro,2021,
413,Street Sense,2021,
414,Liam's Map,2021,
415,Omaha Beach,2021,
416,Vekoma,2021,
417,Le Havre (IRE),2021,
418,Audible,2021,
419,War of Will,2021,
420,Flatter,2021,
421,Frankel (GB),2021,
422,Volatile,2021,
423,Bernardini,2021,
424,Wootton Bassett (GB),2021,
425,Instagrand,2021,
426,Tiz the Law,2021,
427,Distorted Humor,2021,
428,City of Light,2021,
429,Improbable,2021,
430,Ghostzapper,2021,
431,Complexity,2021,
432,Violence,2021,
433,Kitten's Joy,2021,
434,Laoban,2021,
435,Mendelssohn,2021,
436,Union Rags,2021,
437,Oscar Performance,2021,
438,Instilled Regard,2021,
439,Daredevil,2021,
440,Global Campaign,2021,
441,Frosted,2021,
442,Collected,2021,
443,Karakontie (JPN),2021,
444,Hard Spun,2021,
445,Caravaggio,2021,
446,Blue Point (IRE),2021,5000.0
447,Catalina Cruiser,2021,
448,Churchill (IRE),2021,
449,Malibu Moon,2021,
450,Honor A. P.,2021,
451,Hit It a Bomb,2021,
452,Dialed In,2021,
453,Classic Empire,2021,
454,Blame,2021,
455,Vino Rosso,2021,
456,Maximum Security,2021,
457,Without Parole (GB),2021,
458,Cairo Prince,2021,
459,English Channel,2021,
460,Girvin,2021,
461,Take Charge Indy,2021,
462,Mitole,2021,
463,Flameaway,2021,
464,Higher Power,2021,
465,Spun to Run,2021,
466,Upstart,2021,
467,Seeking the Soul,2021,
468,Gift Box,2021,
469,World of Trouble,2021,
470,Promises Fulfilled,2021,
471,Tom's d'Etat,2021,
472,Street Boss,2021,
473,Maximus Mischief,2021,
474,Caracaro,2021,
475,Mastery,2021,
476,Army Mule,2021,
477,Sky Mesa,2021,
478,Jimmy Creed,2021,
479,American Freedom,2021,
480,Connect,2021,
481,Tapiture,2021,
482,Lookin At Lucky,2021,
483,Preservationist,2021,
484,Catholic Boy,2021,
485,Win Win Win,2021,
486,Tonalist,2021,
487,Kantharos,2021,
488,Divisidero,2021,
489,Isotherm,2021,
490,Goldencents,2021,
491,Outwork,2021,
492,Pinatubo (IRE),2021,
493,Thousand Words,2021,
494,Honest Mischief,2021,
495,Midshipman,2021,
496,The Factor,2021,
497,Om,2021,
498,Lord Nelson,2021,
499,Shancelot,2021,
500,Cupid,2021,
501,Sottsass (FR),2021,
502,Echo Town,2021,
503,Mo Town,2021,
504,Country House,2021,
505,Sir Prancealot (IRE),2021,
506,Midnight Lute,2021,
507,Mineshaft,2021,
508,Tapwrit,2021,
509,Sharp Azteca,2021,
510,Rowayton,2021,
511,Hoppertunity,2021,
512,Broken Vow,2021,
513,Air Force Blue,2021,
514,Brody's Cause,2021,
515,Accelerate,2021,
516,Speightster,2021,
517,Unified,2021,
518,Summer Front,2021,
519,Get Stormy,2021,
520,Copper Bullet,2021,
521,Honor Code,2021,
522,Yoshida (JPN),2021,
523,Runhappy,2021,
524,Funtastic,2021,
525,Enticed,2021,
526,Persian King (IRE),2021,
527,Star Guitar,2021,
528,Paynter,2021,
529,Bee Jersey,2021,
530,First Samurai,2021,
531,Mucho Macho Man,2021,
532,Cross Traffic,2021,
533,Yorkton,2021,
534,Astern (AUS),2021,
535,Demarchelier (GB),2021,
536,Solomini,2021,
537,Pataky Kid,2021,
538,Tale of Ekati,2021,
539,West Coast,2021,
540,Cloud Computing,2021,
541,Point of Entry,2021,
542,Clearly Now,2021,
543,Mshawish,2021,
544,Gormley,2021,
545,Alternation,2021,
546,Mor Spirit,2021,
547,Shaman Ghost,2021,
548,Calculator,2021,
549,Qurbaan,2021,
550,Roman Candle (GB),2021,
551,Heart to Heart,2021,
552,Midnight Storm,2021,
553,Temple City,2021,
554,Tourist,2021,
555,Tale of Verve,2021,
556,Free Drop Billy,2021,
557,Flintshire (GB),2021,
558,Court Vision,2021,
559,Leofric,2021,
560,Good Samaritan,2021,
561,Gio Ponti,2021,
562,Keen Ice,2021,
563,Stay Thirsty,2021,
564,Always Dreaming,2021,
565,Creative Cause,2021,
566,Khozan,2021,
567,Street Strategy,2021,
568,He Be Fire N Ice,2021,
569,Tamarkuz,2021,
570,Lone Sailor,2021,
571,Stormy Atlantic,2021,
572,Bravazo,2021,
573,Raison d'Etat,2021,
574,Real Solution,2021,
575,Central Banker,2021,
576,Klimt,2021,
577,Congrats,2021,
578,Silent Name (JPN),2021,
579,Exaggerator,2021,
580,Lost Treasure (IRE),2021,
581,Clubhouse Ride,2021,
582,Protonico,2021,
583,Cajun Breeze,2021,
584,Mr Speaker,2021,
585,Alliance,2021,
586,Algorithms,2021,
587,Coal Front,2021,
588,American Guru,2021,
589,Ransom the Moon,2021,
590,Gunnevera,2021,
591,Jersey Town,2021,
592,Texas Ryano,2021,
593,Tapit,2017,
594,Into Mischief,2017,
595,Kitten's Joy,2017,
596,Empire Maker,2017,
597,More Than Ready,2017,
598,Malibu Moon,2017,
599,American Pharoah,2017,
600,Curlin,2017,
601,Medaglia d'Oro,2017,
602,Lemon Drop Kid,2017,
603,Street Sense,2017,
604,Hard Spun,2017,
605,Giant's Causeway,2017,
606,Speightstown,2017,
607,War Front,2017,
608,Uncle Mo,2017,
609,Pioneerof the Nile,2017,
610,Bernardini,2017,
611,Flatter,2017,
612,Honor Code,2017,
613,Runhappy,2017,
614,Candy Ride (ARG),2017,
615,Karakontie (JPN),2017,
616,California Chrome,2017,
617,Not This Time,2017,
618,Frosted,2017,
619,Ghostzapper,2017,
620,Quality Road,2017,
621,Tonalist,2017,
622,Street Boss,2017,
623,Tiznow,2017,
624,Galileo (IRE),2017,
625,Distorted Humor,2017,
626,Exaggerator,2017,
627,The Gurkha (IRE),2017,
628,Tale of the Cat,2017,
629,Flintshire (GB),2017,
630,Air Force Blue,2017,
631,Nyquist,2017,
632,Lope de Vega (IRE),2017,
633,Liam's Map,2017,
634,Camelot (GB),2017,
635,Union Rags,2017,
636,No Nay Never,2017,
637,Munnings,2017,
638,Twirling Candy,2017,
639,Dubawi (IRE),2017,
640,Carpe Diem,2017,
641,Bayern,2017,
642,Will Take Charge,2017,
643,Declaration of War,2017,
644,Super Saver,2017,
645,Blame,2017,
646,Cairo Prince,2017,
647,Elusive Quality,2017,
648,Awesome Again,2017,
649,Palace Malice,2017,
650,Speightster,2017,
651,Fast Anna,2017,
652,The Factor,2017,
653,Vancouver (AUS),2017,
654,Upstart,2017,
655,Kantharos,2017,
656,Mshawish,2017,
657,Constitution,2017,
658,Dialed In,2017,
659,Broken Vow,2017,
660,Shackleford,2017,
661,Maclean's Music,2017,
662,Violence,2017,
663,Outwork,2017,
664,Tamarkuz,2017,
665,Lookin At Lucky,2017,
666,Mineshaft,2017,
667,Tapiture,2017,
668,Brody's Cause,2017,
669,The Big Beast,2017,
670,Cross Traffic,2017,
671,Summer Front,2017,
672,Animal Kingdom,2017,
673,English Channel,2017,
674,Goldencents,2017,
675,Tourist,2017,
676,Oasis Dream (GB),2017,
677,Going Commando,2017,
678,Orb,2017,
679,Bodemeister,2017,
680,Gleneagles (IRE),2017,
681,Creative Cause,2017,
682,Noble Mission (GB),2017,
683,Lea,2017,
684,Verrazano,2017,
685,Midnight Lute,2017,
686,Competitive Edge,2017,
687,Hit It a Bomb,2017,
688,Congrats,2017,
689,Successful Appeal,2017,
690,Fed Biz,2017,
691,First Samurai,2017,
692,Anchor Down,2017,
693,Temple City,2017,
694,Shanghai Bobby,2017,
695,Overanalyze,2017,
696,Flat Out,2017,
697,Midshipman,2017,
698,Frac Daddy,2017,
699,Majesticperfection,2017,
700,Point of Entry,2017,
701,Sky Mesa,2017,
702,Tapizar,2017,
703,Macho Uno,2017,
704,Optimizer,2017,
705,Golden Horn (GB),2017,
706,Sky Kingdom,2017,
707,Daredevil,2017,
708,Jimmy Creed,2017,
709,Palace,2017,
710,Dawn Approach (IRE),2017,
711,Paynter,2017,
712,Graydar,2017,
713,Dominus,2017,
714,Commissioner,2017,
715,Gemologist,2017,
716,Ironicus,2017,
717,Oxbow,2017,
718,Wicked Strong,2017,
719,Magician (IRE),2017,
720,Texas Red,2017,
721,Mizzen Mast,2017,
722,Tamayuz (GB),2017,
723,Strong Mandate,2017,
724,Get Stormy,2017,
725,Khozan,2017,
726,Algorithms,2017,
727,Uncaptured,2017,
728,Jersey Town,2017,
729,Big Blue Kitten,2017,
730,El Padrino,2017,
731,Silent Name (JPN),2017,
732,Include,2017,
733,Dynamic Sky,2017,
734,Mucho Macho Man,2017,
735,Firing Line,2017,
736,Stormy Atlantic,2017,
737,Bellamy Road,2017,
738,Flashback,2017,
739,Laoban,2017,
740,Effinex,2017,
741,Jack Milton,2017,
742,Gio Ponti,2017,
743,Tale of Ekati,2017,
744,Secret Circle,2017,
745,Afleet Alex,2017,
746,Alternation,2017,
747,Mark Valeski,2017,
748,Honorable Dillon,2017,
749,Run Away and Hide,2017,
750,Central Banker,2017,
751,Trappe Shot,2017,
752,Data Link,2017,
753,Normandy Invasion,2017,
754,Fort Larned,2017,
755,Artie Schiller,2017,
756,Half Ours,2017,
757,Giant Surprise,2017,
758,We Miss Artie,2017,
759,Cinco Charlie,2017,
760,Slumber (GB),2017,
761,Too Much Bling,2017,
762,Stay Thirsty,2017,
763,Euroears,2017,
764,Jump Start,2017,
765,Danza,2017,
766,Raison d'Etat,2017,
767,Ami's Holiday,2017,
768,War Dancer,2017,
769,Aikenite,2017,
770,Justin Phillip,2017,
771,Producer (GB),2017,
772,Revolutionary,2017,
773,Not Bourbon,2017,
774,Conveyance,2017,
775,Morning Line,2017,
776,Power Broker,2017,
777,Birdstone,2017,
778,Jess's Dream,2017,
779,Grey Swallow (IRE),2017,
780,Medal Count,2017,
781,To Honor and Serve,2017,
782,Hakassan (CHI),2017,
783,Even the Score,2017,
784,Tizway,2017,
785,Race Day,2017,
786,Itsmyluckyday,2017,
787,Skipshot,2017,
788,K One King,2017,
789,Liaison,2017,
790,Ride On Curlin,2017,
791,Capo Bastone,2017,
792,Holiday Promise,2017,
793,Rousing Sermon,2017,
794,Girolamo,2017,
795,Americain,2017,
796,Prayer for Relief,2017,
797,Red Rocks (IRE),2017,
798,Milwaukee Brew,2017,
799,Silver Max,2017,
800,Musketier (GER),2017,
801,Treasure Beach (GB),2017,
802,Northern Afleet,2017,
803,Informed,2017,
804,Protonico,2017,
805,Astrology,2017,
806,Circumference (IRE),2017,
807,Acclamation,2017,
808,Handsome Mike,2017,
809,Notional,2017,
810,Anthony's Cross,2017,
811,Archarcharch,2017,
812,Daaher,2017,
813,Winslow Homer,2017,
814,Emcee,2017,
815,Giant Gizmo,2017,
816,Can the Man,2017,
817,Hat Trick (JPN),2017,
818,Freud,2017,
819,Pataky Kid,2017,
820,Perfect Soul (IRE),2017,
821,Grey Swallow,2017,
822,Shakin It Up,2017,
823,Uptowncharlybrown,2017,
824,Haynesfield,2017,
825,Justify,2019,
826,Galileo (IRE),2019,
827,Accelerate,2019,
828,Gun Runner,2019,
829,Into Mischief,2019,
830,Uncle Mo,2019,
831,Quality Road,2019,
832,Empire Maker,2019,
833,Constitution,2019,
834,Mendelssohn,2019,
835,West Coast,2019,
836,Pioneerof the Nile,2019,
837,War Front,2019,
838,Speightstown,2019,
839,Medaglia d'Oro,2019,
840,American Pharoah,2019,
841,Arrogate,2019,
842,Curlin,2019,
843,Fastnet Rock (AUS),2019,
844,No Nay Never,2019,
845,Street Sense,2019,
846,Violence,2019,
847,Tapit,2019,
848,Connect,2019,
849,Mastery,2019,
850,Hard Spun,2019,
851,First Samurai,2019,
852,Good Magic,2019,
853,City of Light,2019,
854,Kitten's Joy,2019,
855,Maclean's Music,2019,
856,Distorted Humor,2019,
857,Nyquist,2019,
858,More Than Ready,2019,
859,Frosted,2019,
860,Honor Code,2019,
861,Noble Mission (GB),2019,
862,Zoffany (IRE),2019,
863,Candy Ride (ARG),2019,
864,Tapwrit,2019,
865,Flatter,2019,
866,Malibu Moon,2019,
867,Union Rags,2019,
868,Munnings,2019,
869,Bolt d'Oro,2019,
870,Ghostzapper,2019,
871,Not This Time,2019,
872,Twirling Candy,2019,
873,Kingman (GB),2019,
874,Blame,2019,
875,Churchill (IRE),2019,
876,Lope de Vega (IRE),2019,
877,Collected,2019,
878,Australia (GB),2019,
879,Bernardini,2019,
880,Liam's Map,2019,
881,Karakontie (JPN),2019,
882,Oscar Performance,2019,
883,Practical Joke,2019,
884,Mastercraftsman ,2019,
885,Classic Empire,2019,
886,Kantharos,2019,
887,Mo Town,2019,
888,Star Guitar,2019,
889,Runhappy,2019,
890,Lemon Drop Kid,2019,
891,Wootton Bassett (GB),2019,
892,Caravaggio,2019,
893,Midnight Lute,2019,
894,Highland Reel (IRE),2019,
895,Cairo Prince,2019,
896,Always Dreaming,2019,
897,Gormley,2019,
898,Creative Cause,2019,
899,Tiznow,2019,
900,Jimmy Creed,2019,
901,Cross Traffic,2019,
902,Saxon Warrior (JPN),2019,
903,Lord Nelson,2019,
904,American Freedom,2019,
905,Protonico,2019,
906,Army Mule,2019,
907,Sharp Azteca,2019,
908,Goldencents,2019,
909,Le Havre (IRE),2019,
910,Midnight Storm,2019,
911,Mor Spirit,2019,
912,McCraken,2019,
913,Good Samaritan,2019,
914,Unified,2019,
915,Street Boss,2019,
916,Midshipman,2019,
917,Laoban,2019,
918,English Channel,2019,
919,Lookin At Lucky,2019,
920,Dialed In,2019,
921,Cupid,2019,
922,Klimt,2019,
923,Shackleford,2019,
924,Outwork,2019,
925,Palace Malice,2019,
926,The Factor,2019,
927,Alternation,2019,
928,Super Saver,2019,
929,California Chrome,2019,
930,Tonalist,2019,
931,Girvin,2019,
932,Tapiture,2019,
933,Mshawish,2019,
934,Ransom the Moon,2019,
935,Shaman Ghost,2019,
936,Tale of the Cat,2019,
937,Mineshaft,2019,
938,Mohaymen,2019,
939,Astern (AUS),2019,
940,Get Stormy,2019,
941,Congrats,2019,
942,Speightster,2019,
943,Hit It a Bomb,2019,
944,Brody's Cause,2019,
945,Summer Front,2019,
946,Funtastic,2019,
947,Cloud Computing,2019,
948,Mucho Macho Man,2019,
949,Carpe Diem,2019,
950,Exaggerator,2019,
951,Macho Uno,2019,
952,Broken Vow,2019,
953,Upstart,2019,
954,Keen Ice,2019,
955,Air Force Blue,2019,
956,Tamarkuz,2019,
957,Lea,2019,
958,Tapizar,2019,
959,Flintshire (GB),2019,
960,Daredevil,2019,
961,Free Drop Billy,2019,
962,Competitive Edge,2019,
963,Bayern,2019,
964,Perfect Soul (IRE),2019,
965,Paynter,2019,
966,Mr Speaker,2019,
967,Union Jackson,2019,
968,Fast Anna,2019,
969,Destin,2019,
970,Animal Kingdom,2019,
971,Can the Man,2019,
972,Tale of Verve,2019,
973,Temple City,2019,
974,Point of Entry,2019,
975,Commissioner,2019,
976,Will Take Charge,2019,
977,Tu Brutus (CHI),2019,
978,Fed Biz,2019,
979,Afleet Alex,2019,
980,Silent Name (JPN),2019,
981,Palace,2019,
982,Sky Mesa,2019,
983,Overanalyze,2019,
984,Trappe Shot,2019,
985,Orb,2019,
986,Ironicus,2019,
987,Anchor Down,2019,
988,Awesome Slew,2019,
989,Race Day,2019,
990,Bee Jersey,2019,
991,Tom's Ready,2019,
992,Wicked Strong,2019,
993,Mark Valeski,2019,
994,Caleb's Posse,2019,
995,Algorithms,2019,
996,Bodemeister,2019,
997,Mizzen Mast,2019,
998,Tourist,2019,
999,Divining Rod,2019,
1000,Bird Song,2019,
1001,Dominus,2019,
1002,Firing Line,2019,
1003,Mission Impazible,2019,
1004,Niagara Causeway,2019,
1005,Cinco Charlie,2019,
1006,Real Solution,2019,
1007,Behesht (FR),2019,
1008,Tale of Ekati,2019,
1009,Frac Daddy,2019,
1010,Sky Kingdom,2019,2500.0
1011,Java's War,2019,
1012,Jack Milton,2019,
1013,Producer (GB),2019,
1014,Aikenite,2019,
1015,Bal a Bali (BRZ),2019,
1016,Frank Conversation,2019,
1017,Bradester,2019,
1018,Biogenic,2019,
1019,Daddy Long Legs,2019,
1020,Majestic City,2019,
1021,Include,2019,
1022,Not Bourbon,2019,
1023,Bucchero,2019,
1024,Grey Swallow (IRE),2019,
1025,Stormy Atlantic,2019,175000.0
1026,Optimizer,2019,
1027,Shakin It Up,2019,
1028,Fort Larned,2019,
1029,Candy Ride (ARG),2018,
1030,Arrogate,2018,
1031,Pioneerof the Nile,2018,
1032,Medaglia d'Oro,2018,
1033,War Front,2018,
1034,Curlin,2018,
1035,Classic Empire,2018,
1036,Gun Runner,2018,
1037,Quality Road,2018,
1038,Constitution,2018,
1039,Ghostzapper,2018,
1040,American Pharoah,2018,
1041,Practical Joke,2018,
1042,Nyquist,2018,
1043,Malibu Moon,2018,
1044,More Than Ready,2018,
1045,Speightstown,2018,
1046,Flatter,2018,40000.0
1047,Kitten's Joy,2018,
1048,Tapit,2018,
1049,Uncle Mo,2018,
1050,Runhappy,2018,
1051,Street Sense,2018,
1052,Distorted Humor,2018,
1053,Into Mischief,2018,
1054,California Chrome,2018,
1055,Empire Maker,2018,
1056,Not This Time,2018,
1057,Dark Angel (IRE),2018,
1058,Union Rags,2018,
1059,Honor Code,2018,
1060,Cairo Prince,2018,
1061,Bernardini,2018,
1062,Connect,2018,
1063,No Nay Never,2018,
1064,Klimt,2018,
1065,Mastery,2018,40000.0
1066,Frosted,2018,
1067,Galileo (IRE),2018,
1068,Awesome Again,2018,
1069,New Year's Day,2018,
1070,Caravaggio,2018,
1071,Churchill (IRE),2018,
1072,Air Force Blue,2018,
1073,Declaration of War,2018,
1074,Frankel (GB),2018,
1075,Hard Spun,2018,
1076,Tiznow,2018,50000.0
1077,Optimizer,2018,
1078,First Samurai,2018,
1079,Blame,2018,
1080,Liam's Map,2018,
1081,Tonalist,2018,
1082,Street Boss,2018,
1083,Munnings,2018,
1084,Maclean's Music,2018,
1085,Lemon Drop Kid,2018,
1086,Cupid,2018,
1087,Dialed In,2018,
1088,Twirling Candy,2018,
1089,Lord Nelson,2018,
1090,Speightster,2018,
1091,Super Saver,2018,
1092,Keen Ice,2018,
1093,Brody's Cause,2018,
1094,Violence,2018,
1095,Midnight Storm,2018,
1096,Noble Mission (GB),2018,
1097,Will Take Charge,2018,25000.0
1098,Kantharos,2018,
1099,Creative Cause,2018,
1100,Mineshaft,2018,
1101,Unified,2018,
1102,Upstart,2018,25000.0
1103,Kingman (GB),2018,
1104,Exaggerator,2018,
1105,English Channel,2018,6500.0
1106,Astern (AUS),2018,
1107,Summer Front,2018,
1108,Mohaymen,2018,
1109,American Freedom,2018,10000.0
1110,Flintshire (GB),2018,
1111,Outwork,2018,
1112,Goldencents,2018,
1113,Gormley,2018,
1114,Temple City,2018,
1115,Palace Malice,2018,
1116,Carpe Diem,2018,
1117,Midnight Lute,2018,
1118,Broken Vow,2018,
1119,Jimmy Creed,2018,
1120,Mr Speaker,2018,
1121,Bodemeister,2018,
1122,Battle of Midway,2018,20000.0
1123,Congrats,2018,
1124,Vancouver (AUS),2018,
1125,Mizzen Mast,2018,
1126,Shackleford,2018,
1127,Anchor Down,2018,
1128,Lea,2018,
1129,Lookin At Lucky,2018,
1130,Midshipman,2018,
1131,Marcel (IRE),2018,25000.0
1132,Myboycharlie (IRE),2018,
1133,Point of Entry,2018,
1134,Tamarkuz,2018,
1135,Cross Traffic,2018,
1136,Tapiture,2018,
1137,Daredevil,2018,
1138,Hit It a Bomb,2018,
1139,Orb,2018,
1140,Competitive Edge,2018,
1141,Bayern,2018,
1142,Firing Line,2018,
1143,Tapizar,2018,
1144,Tourist,2018,
1145,Star Guitar,2018,
1146,Mucho Macho Man,2018,
1147,Bal a Bali (BRZ),2018,
1148,Karakontie (JPN),2018,
1149,Big Blue Kitten,2018,
1150,Commissioner,2018,
1151,Sky Mesa,2018,
1152,Tale of the Cat,2018,
1153,Shaman Ghost,2018,
1154,Get Stormy,2018,
1155,Algorithms,2018,
1156,Run Away and Hide,2018,
1157,Fast Anna,2018,
1158,Wicked Strong,2018,
1159,Trappe Shot,2018,
1160,Fed Biz,2018,
1161,Animal Kingdom,2018,
1162,Overanalyze,2018,
1163,Northern Afleet,2018,
1164,Alpha,2018,
1165,Tale of Ekati,2018,
1166,Verrazano,2018,
1167,Uncaptured,2018,
1168,Stormy Atlantic,2018,
1169,Square Eddie,2018,
1170,Warrior's Reward,2018,
1171,Can the Man,2018,
1172,Strong Mandate,2018,
1173,Shanghai Bobby,2018,
1174,Silent Name (JPN),2018,
1175,War Dancer,2018,
1176,We Miss Artie,2018,
1177,Mark Valeski,2018,
1178,Mshawish,2018,
1179,Kobe's Back,2018,
1180,Freud,2018,
1181,Majestic City,2018,
1182,Include,2018,
1183,Justin Phillip,2018,
1184,Race Day,2018,
1185,Daaher,2018,
1186,Court Vision,2018,
1187,Jack Milton,2018,5000.0
1188,Bird Song,2018,
1189,Afleet Alex,2018,
1190,Successful Appeal,2018,
1191,Union Jackson,2018,
1192,Texas Red,2018,
1193,Smarty Jones,2018,
1194,Java's War,2018,
1195,Oxbow,2018,
1196,Big Brown,2018,
1197,Wildcat Red,2018,
1198,Biogenic,2018,
1199,Tom's Ready,2018,
1200,Jersey Town,2018,
1201,Not Bourbon,2018,
1202,Hunters Bay,2018,
1203,Too Much Bling,2018,
1204,Ironicus,2018,
1205,The Big Beast,2018,
1206,Greenpointcrusader,2018,
1207,Normandy Invasion,2018,
1208,Danzing Candy,2018,
1209,Perfect Soul (IRE),2018,
1210,Flashback,2018,
1211,Laoban,2018,
1212,War Correspondent,2018,
1213,Notional,2018,
1214,Secret Circle,2018,
1215,Fort Larned,2018,
1216,Alternation,2018,
1217,Perfect Timber,2018,2000.0
1218,Paynter,2018,
1219,Sky Kingdom,2018,
1220,Airoforce,2018,
1221,Palace,2018,
1222,Treasure Beach (GB),2018,
1223,Mo Tom,2018,
1224,Divining Rod,2018,
1225,Capo Bastone,2018,
1226,Revolutionary,2018,
1227,Real Solution,2018,
1228,Macho Uno,2018,
1229,Musketier (GER),2018,
1230,American Pharoah,2016,
1231,Bernardini,2016,
1232,Speightstown,2016,
1233,Distorted Humor,2016,
1234,Carpe Diem,2016,
1235,Tapit,2016,300000.0
1236,Honor Code,2016,
1237,Empire Maker,2016,
1238,Kitten's Joy,2016,
1239,Declaration of War,2016,
1240,More Than Ready,2016,
1241,Palace Malice,2016,
1242,War Front,2016,
1243,Quality Road,2016,
1244,Street Sense,2016,
1245,Pioneerof the Nile,2016,
1246,Into Mischief,2016,
1247,Tonalist,2016,
1248,Will Take Charge,2016,
1249,Medaglia d'Oro,2016,
1250,Karakontie (JPN),2016,
1251,Uncle Mo,2016,
1252,Ghostzapper,2016,
1253,Liam's Map,2016,
1254,Tiznow,2016,
1255,Fed Biz,2016,
1256,Constitution,2016,
1257,Union Rags,2016,
1258,City Zip,2016,
1259,Candy Ride (ARG),2016,
1260,Flatter,2016,
1261,Animal Kingdom,2016,
1262,Blame,2016,
1263,Super Saver,2016,100000.0
1264,Curlin,2016,
1265,Mineshaft,2016,
1266,Hard Spun,2016,
1267,Lemon Drop Kid,2016,
1268,Shanghai Bobby,2016,
1269,Galileo (IRE),2016,
1270,Bodemeister,2016,
1271,Lea,2016,
1272,Munnings,2016,
1273,Mucho Macho Man,2016,150000.0
1274,Malibu Moon,2016,95000.0
1275,Cairo Prince,2016,
1276,Awesome Again,2016,
1277,Temple City,2016,
1278,Violence,2016,
1279,Orb,2016,
1280,Noble Mission (GB),2016,
1281,Giant's Causeway,2016,
1282,Commissioner,2016,
1283,Creative Cause,2016,15000.0
1284,Flat Out,2016,
1285,Maclean's Music,2016,
1286,Congrats,2016,
1287,Street Boss,2016,2755000.0
1288,Cross Traffic,2016,2755000.0
1289,Midnight Lute,2016,
1290,Tale of the Cat,2016,
1291,Elusive Quality,2016,
1292,Frankel (GB),2016,
1293,Verrazano,2016,
1294,English Channel,2016,2755000.0
1295,Bayern,2016,
1296,Mr Speaker,2016,
1297,Daredevil,2016,500000.0
1298,Gleneagles (IRE),2016,
1299,Take Charge Indy,2016,
1300,Summer Front,2016,
1301,Zoffany (IRE),2016,
1302,Twirling Candy,2016,
1303,Graydar,2016,
1304,Tale of Ekati,2016,
1305,First Samurai,2016,
1306,Include,2016,
1307,Paynter,2016,
1308,Strong Mandate,2016,
1309,Tapiture,2016,
1310,Kantharos,2016,
1311,Shackleford,2016,
1312,Palace,2016,
1313,Dialed In,2016,
1314,Lookin At Lucky,2016,2755000.0
1315,Competitive Edge,2016,
1316,Wicked Strong,2016,
1317,Goldencents,2016,
1318,Sky Mesa,2016,
1319,The Factor,2016,
1320,Fort Larned,2016,
1321,Point of Entry,2016,
1322,Tapizar,2016,
1323,Fast Anna,2016,
1324,Conquest Curlinate,2016,2755000.0
1325,Midshipman,2016,2755000.0
1326,Revolutionary,2016,
1327,Broken Vow,2016,
1328,Colonel John,2016,
1329,Macho Uno,2016,
1330,Secret Circle,2016,
1331,Majesticperfection,2016,
1332,Mizzen Mast,2016,
1333,Stormy Atlantic,2016,
1334,Gemologist,2016,
1335,Medal Count,2016,
1336,Warrior's Reward,2016,
1337,Proud Citizen,2016,
1338,Algorithms,2016,
1339,Danza,2016,4000.0
1340,Oxbow,2016,
1341,Data Link,2016,
1342,Jack Milton,2016,
1343,Race Day,2016,
1344,Get Stormy,2016,
1345,Itsmyluckyday,2016,2755000.0
1346,Astrology,2016,
1347,Frac Daddy,2016,
1348,Run Away and Hide,2016,7500.0
1349,Jimmy Creed,2016,
1350,Justin Phillip,2016,
1351,Stay Thirsty,2016,
1352,Society's Chairman,2016,
1353,Overanalyze,2016,
1354,Alternation,2016,
1355,Liaison,2016,
1356,Magician (IRE),2016,
1357,Archarcharch,2016,
1358,To Honor and Serve,2016,
1359,Shakin It Up,2016,
1360,Flashback,2016,2755000.0
1361,Dominus,2016,
1362,Sky Kingdom,2016,
1363,Atreides,2016,
1364,Successful Appeal,2016,
1365,Northern Afleet,2016,
1366,Afleet Alex,2016,
1367,Girolamo,2016,
1368,Handsome Mike,2016,
1369,Mark Valeski,2016,
1370,Istan,2016,
1371,Discreet Cat,2016,
1372,Trappe Shot,2016,200000.0
1373,Morning Line,2016,
1374,Central Banker,2016,
1375,Silver Max,2016,
1376,Conveyance,2016,
1377,Jersey Town,2016,
1378,Mission Impazible,2016,
1379,Backtalk,2016,
1380,Alpha,2016,
1381,Birdstone,2016,
1382,Hampton Court (AUS),2016,
1383,Custom for Carlos,2016,
1384,Big Brown,2016,
1385,New Year's Day,2016,
1386,Real Solution,2016,
1387,Can the Man,2016,
1388,Uncaptured,2016,
1389,Red Rocks (IRE),2016,
1390,Raison d'Etat,2016,
1391,First Defence,2016,
1392,Aikenite,2016,
1393,Japan,2016,
1394,Perfect Soul (IRE),2016,
1395,Americain,2016,
1396,Grey Swallow (IRE),2016,
1397,Soldat,2016,
1398,Micromanage,2016,
1399,Sidney's Candy,2016,
1400,Haynesfield,2016,
1401,Gio Ponti,2016,
1402,He's Had Enough,2016,
1403,Giacomo,2016,
1404,Line of David,2016,
1405,Dunkerque (FR),2016,
1406,Mr. Sidney,2016,
1407,Majestic City,2016,
1408,Tizway,2016,
1409,Albertus Maximus,2016,
1410,The Big Beast,2016,
1411,Revolving,2016,
1412,Artie Schiller,2016,
1413,Musketier (GER),2016,
1414,Caleb's Posse,2016,
1415,Stroll,2016,
1416,Awesome of Course,2016,
1417,Langfuhr,2016,
1418,Daaher,2016,
1419,Chitu,2016,
1420,Normandy Invasion,2016,
1421,General Quarters,2016,
1422,Seek Again,2016,
1423,Holiday Promise,2016,
1424,Notional,2016,
1425,Snapy Halo (ARG),2016,
1426,Hakassan (CHI),2016,
1427,Even the Score,2016,
1428,Kettle Corn,2016,
1429,Power Broker,2016,
1430,Awesome Patriot,2016,
1431,Paddy O'Prado,2016,
1432,Gauntlet,2016,
1433,Golden Ticket,2016,
1434,Magna Graduate,2016,2755000.0
1435,Blueskiesnrainbows,2016,
1436,Smarty Jones,2016,
1437,War Command,2016,
1438,Daddy Long Legs,2016,
1439,Slew's Tiznow,2016,
1440,Capo Bastone,2016,
1441,Court Vision,2016,
1442,I Want Revenge,2016,
1443,Bellamy Road,2016,
1444,Skipshot,2016,
1445,Ready's Image,2016,
1446,Grasshopper,2016,
1447,Dunkirk,2016,
